3D-tulostin	substantiivi
4H-kerho	substantiivi
4H-toiminta	substantiivi
aamu-uutiset	substantiivi
aamuyö	substantiivi
ahtaus	substantiivi
ahtaus	substantiivi
aimo	adjektiivi
ainut	adjektiivi
ajovalot	substantiivi
ajuruoho	substantiivi
akselivallat	substantiivi
akuhieronta	substantiivi
akuhoito	substantiivi
akupainanta	substantiivi
akupiste	substantiivi
akupunktio	substantiivi
alfasäteet	substantiivi
aliarviointi	substantiivi
aliarvostus	substantiivi
aliedustus	substantiivi
alihankinta	substantiivi
alihankkija	substantiivi
alihinta	substantiivi
alijohtaja	substantiivi
alijäämä	substantiivi
alikehittynyt	adjektiivi
alikersantti	substantiivi
alikulku	substantiivi
alikäytävä	substantiivi
aliluutnantti	substantiivi
alilämpö	substantiivi
alinopeus	substantiivi
alioikeus	substantiivi
alipalkkaus	substantiivi
alipäällikkö	substantiivi
alipäällystö	substantiivi
aliravitsemus	substantiivi
alisuorittaja	substantiivi
alitajunta	substantiivi
aliupseeri	substantiivi
aliupseeristo	substantiivi
aliurakointi	substantiivi
alivakuutus	substantiivi
alivoima	substantiivi
alkeistiedot	substantiivi
alkoholilainsäädäntö	substantiivi
alkusanat	substantiivi
alkuunpanija	substantiivi
alkuvaikeudet	substantiivi
alkuyö	substantiivi
alpi	substantiivi
aluevaalit	substantiivi
alullepanija	substantiivi
aneurysma	substantiivi
A-oikeudet	substantiivi
appi	substantiivi
appi	substantiivi
appivanhemmat	substantiivi
aprilli	substantiivi
A-pylväs	substantiivi
arkiolot	substantiivi
aselepoehdot	substantiivi
asetussanat	substantiivi
asiakirjakannet	substantiivi
asumiskulut	substantiivi
asumiskustannukset	substantiivi
asumismenot	substantiivi
asuntomessut	substantiivi
asunto-olot	substantiivi
aurinkolasit	substantiivi
au-äiti	substantiivi
avajaisjuhlallisuudet	substantiivi
avatar	substantiivi
avo	adjektiivi
avoauto	substantiivi
avoero	substantiivi
avohoito	substantiivi
avohuolto	substantiivi
avohylly	substantiivi
avojohto	substantiivi
avojono	substantiivi
avokallio	substantiivi
avokeittiö	substantiivi
avokuisti	substantiivi
avokumppani	substantiivi
avokuntoutus	substantiivi
avokämmen	substantiivi
avolaitos	substantiivi
avolava	substantiivi
avoleikkaus	substantiivi
avoleski	substantiivi
avoliitto	substantiivi
avolouhos	substantiivi
avomaa	substantiivi
avomaasto	substantiivi
avomeri	substantiivi
avomuoto	substantiivi
avopaikka	substantiivi
avopalvelu	substantiivi
avorahastus	substantiivi
avorivi	substantiivi
avosuhde	substantiivi
avosuo	substantiivi
avotaivas	substantiivi
avotila	substantiivi
avotuli	substantiivi
avotuuli	substantiivi
avovaimo	substantiivi
avovankila	substantiivi
avovene	substantiivi
avovesi	substantiivi
avoviemäri	substantiivi
avoäänestys	substantiivi
av-väline	substantiivi
ay-liike	substantiivi
barbecuekutsut	substantiivi
beetasäteet	substantiivi
bioanalyytikko	substantiivi
bioase	substantiivi
biobensa	substantiivi
biobensiini	substantiivi
biodiesel	substantiivi
biodiversiteetti	substantiivi
bioenergia	substantiivi
bioetanoli	substantiivi
biofyysikko	substantiivi
biohiili	substantiivi
biojäte	substantiivi
biokemia	substantiivi
biokemisti	substantiivi
biolääke	substantiivi
biomanipulaatio	substantiivi
biomassa	substantiivi
biomateriaali	substantiivi
biopalaute	substantiivi
biopankki	substantiivi
biorytmi	substantiivi
biotalous	substantiivi
biotiede	substantiivi
biotunniste	substantiivi
biotunnistus	substantiivi
biotyyppi	substantiivi
biouhka	substantiivi
biovalkaisu	substantiivi
B-oikeudet	substantiivi
brownie	substantiivi
caddie	substantiivi
carpaccio	substantiivi
CD-levy	substantiivi
CD-soitin	substantiivi
cocktailkutsut	substantiivi
cookie	substantiivi
csárdás	substantiivi
desimetriaallot	substantiivi
digi-tv	substantiivi
diplomaattisuhteet	substantiivi
D-markka	substantiivi
duchesseperunat	substantiivi
eduskuntavaalit	substantiivi
edustuskulut	substantiivi
edustusmenot	substantiivi
ehtoollisastiat	substantiivi
eioo	substantiivi
e-kirja	substantiivi
ekobetoni	substantiivi
ekobetonointi	substantiivi
ekofilosofia	substantiivi
ekokatastrofi	substantiivi
ekokunta	substantiivi
ekokäytävä	substantiivi
ekomatkailu	substantiivi
ekomerkki	substantiivi
ekopiste	substantiivi
ekotalo	substantiivi
ekotyyppi	substantiivi
e-lasku	substantiivi
elinkustannukset	substantiivi
elinolosuhteet	substantiivi
elinolot	substantiivi
e-lippu	substantiivi
elkeet	substantiivi
elokuvafestivaalit	substantiivi
elokuvajuhlat	substantiivi
enkelinkiharat	substantiivi
ensi	adjektiivi
e-pilleri	substantiivi
EP-levy	substantiivi
epäaito	adjektiivi
epäaitous	substantiivi
epähedelmä	substantiivi
epähenkilö	substantiivi
epäherkkä	adjektiivi
epähienous	substantiivi
epäitsekäs	adjektiivi
epäjalo	adjektiivi
epäjärjestys	substantiivi
epäkohtelias	adjektiivi
epäkunnioittava	adjektiivi
epäkunnioitus	substantiivi
epäkurantti	adjektiivi
epäkypsä	adjektiivi
epälojaali	adjektiivi
epälojaalius	substantiivi
epäluotettava	adjektiivi
epäluottamus	substantiivi
epäluulo	substantiivi
epämiehekäs	adjektiivi
epämielekäs	adjektiivi
epämiellyttävä	adjektiivi
epämieluisa	adjektiivi
epämukava	adjektiivi
epänormaalius	substantiivi
epäoikeutettu	adjektiivi
epäonni	substantiivi
epäpuhdas	adjektiivi
epäpyhä	adjektiivi
epäreilu	adjektiivi
epäseksikäs	adjektiivi
epäselvä	adjektiivi
epäsiisteys	substantiivi
epäsiisti	adjektiivi
epäsikiö	substantiivi
epäsointu	substantiivi
epäsopu	substantiivi
epäsuhde	substantiivi
epäsuhta	substantiivi
epäsuopea	adjektiivi
epäsuopeus	substantiivi
epäsuosittu	adjektiivi
epäsuotava	adjektiivi
epäsuotuisa	adjektiivi
epätarkka	adjektiivi
epäterve	adjektiivi
epätoivo	substantiivi
epätoivottu	adjektiivi
epätosi	adjektiivi
epätyydyttävä	adjektiivi
epäusko	substantiivi
epävakaa	adjektiivi
epävapaa	adjektiivi
epävarma	adjektiivi
epäviisas	adjektiivi
epäyhtälö	substantiivi
e-resepti	substantiivi
erioikeus	substantiivi
eripainos	substantiivi
eritasonojapuut	substantiivi
erivapaus	substantiivi
esiaste	substantiivi
esiharjoittelu	substantiivi
esihenkilö	substantiivi
esihistoria	substantiivi
esikartano	substantiivi
esikasvatus	substantiivi
esikasvi	substantiivi
esikaupunki	substantiivi
esikisat	substantiivi
esikoulu	substantiivi
esikunta	substantiivi
esikuva	substantiivi
esikypsennys	substantiivi
esileikki	substantiivi
esiliina	substantiivi
esilämmitin	substantiivi
esilämmitys	substantiivi
esilääkitys	substantiivi
esimaku	substantiivi
esimerkistö	substantiivi
esimerkki	substantiivi
esimuoto	substantiivi
esinahka	substantiivi
esinäytös	substantiivi
esiopettaja	substantiivi
esiopetus	substantiivi
esipesu	substantiivi
esipiha	substantiivi
esipuberteetti	substantiivi
esipuhe	substantiivi
esirukoilija	substantiivi
esirukous	substantiivi
esisopimus	substantiivi
esitaistelija	substantiivi
esitarkastus	substantiivi
esiteini	substantiivi
esitieto	substantiivi
esitutkimus	substantiivi
esitutkinta	substantiivi
esityö	substantiivi
esitäyttö	substantiivi
esiupseeri	substantiivi
esivaali	substantiivi
esivalmistelu	substantiivi
esivalta	substantiivi
esivanhemmat	substantiivi
esiäiti	substantiivi
esiäänitys	substantiivi
ettone	substantiivi
etäasiointi	substantiivi
etädiagnoosi	substantiivi
etähoito	substantiivi
etähuoltaja	substantiivi
etähuolto	substantiivi
etäkauppa	substantiivi
etäkokous	substantiivi
etäkäyttö	substantiivi
etälamautin	substantiivi
etälukio	substantiivi
etämuisti	substantiivi
etämyynti	substantiivi
etäopetus	substantiivi
etäopiskelu	substantiivi
etäostos	substantiivi
etäpalvelu	substantiivi
etäpeli	substantiivi
etäpesäke	substantiivi
etäpäivä	substantiivi
etäpääte	substantiivi
etäsuhde	substantiivi
etätunnistin	substantiivi
etätunnistus	substantiivi
etätyö	substantiivi
etävanhempi	substantiivi
etäyhteys	substantiivi
EU-maa	substantiivi
EU-oikeus	substantiivi
EU-parlamentti	substantiivi
e-urheilija	substantiivi
e-urheilu	substantiivi
europarlamenttivaalit	substantiivi
eurovaalit	substantiivi
EU-vaalit	substantiivi
ex-kumppani	substantiivi
ex-vaimo	substantiivi
farmarit	substantiivi
filmifestivaalit	substantiivi
filmijuhlat	substantiivi
fluorisälpä	substantiivi
fruitie	substantiivi
geodiversiteetti	substantiivi
geofyysikko	substantiivi
geokätkentä	substantiivi
geokätkö	substantiivi
geomorfologia	substantiivi
geotiede	substantiivi
G-piste	substantiivi
G-voima	substantiivi
hajotusvaalit	substantiivi
hakupaperit	substantiivi
hallayö	substantiivi
hallitusneuvottelut	substantiivi
hallitustunnustelut	substantiivi
hallitusvaalit	substantiivi
hammasraudat	substantiivi
hankintakulut	substantiivi
hankintakustannukset	substantiivi
hapsi	substantiivi
havas	substantiivi
helpi	substantiivi
hengenlahjat	substantiivi
hengityselimet	substantiivi
henkilöpaperit	substantiivi
henkisavut	substantiivi
hepoasteet	substantiivi
hermosavut	substantiivi
herrakutsut	substantiivi
herännäisseurat	substantiivi
herättäjäjuhlat	substantiivi
hevoskärryt	substantiivi
h-hetki	substantiivi
hiilivarat	substantiivi
hikilaudat	substantiivi
HIV	substantiivi
HI-virus	substantiivi
H-kisko	substantiivi
hoitokustannukset	substantiivi
hopeahapset	substantiivi
housunkannattimet	substantiivi
hovitavat	substantiivi
H-teräs	substantiivi
humala	substantiivi
humppakahvat	substantiivi
huoltojoukot	substantiivi
huomiovalot	substantiivi
huoneusto	substantiivi
huuti	substantiivi
hyvinvoipa	adjektiivi
hämäläismurteet	substantiivi
häpykarvat	substantiivi
hääateria	substantiivi
hääitku	substantiivi
hääjuhla	substantiivi
hääkaramelli	substantiivi
hääkellot	substantiivi
hääkimppu	substantiivi
hääkutsu	substantiivi
hääkuva	substantiivi
häälahja	substantiivi
häämarssi	substantiivi
häämatka	substantiivi
häämenot	substantiivi
hääpuhe	substantiivi
hääpuku	substantiivi
hääpäivä	substantiivi
hääsuunnittelija	substantiivi
häätalo	substantiivi
häätapa	substantiivi
häävieras	substantiivi
häävuode	substantiivi
hääväki	substantiivi
hääyö	substantiivi
höyhensaaret	substantiivi
idänsuhteet	substantiivi
ihanneolot	substantiivi
ihmistavat	substantiivi
ikenet	substantiivi
ikihonka	substantiivi
ikihyvä	adjektiivi
ikijää	substantiivi
ikikukka	substantiivi
ikimerkki	substantiivi
ikimetsä	substantiivi
ikimuistettava	adjektiivi
ikioma	adjektiivi
ikirauha	substantiivi
ikirouta	substantiivi
ikisuosikki	substantiivi
ikiuni	substantiivi
ikivanha	adjektiivi
ikivihanta	adjektiivi
ikäkausikilpailut	substantiivi
ilmatorjuntajoukot	substantiivi
ilmavaivat	substantiivi
ilmavoimat	substantiivi
ilmoitustulot	substantiivi
iltakutsut	substantiivi
iltaravit	substantiivi
iltauutiset	substantiivi
iltayö	substantiivi
imetysliivit	substantiivi
initiaatiomenot	substantiivi
invalidi-WC	substantiivi
inva-WC	substantiivi
I-palkki	substantiivi
IP-osoite	substantiivi
irtohiukset	substantiivi
irtoripset	substantiivi
irtovuori	substantiivi
isokäpylintu	substantiivi
isomaksaruoho	substantiivi
isotaivot	substantiivi
isämeidän	substantiivi
I-teräs	substantiivi
itseruoskinta	substantiivi
itämaat	substantiivi
iänmääritys	substantiivi
jakelukustannukset	substantiivi
jakopuitteet	substantiivi
jalkaraudat	substantiivi
jenkkakahvat	substantiivi
joni	substantiivi
jouluvalmistelut	substantiivi
jouluyö	substantiivi
juhannustanssit	substantiivi
juhannusyö	substantiivi
juhlavalmistelut	substantiivi
jute	substantiivi
jääolot	substantiivi
jää-viileäkaappi	substantiivi
kaakkoismurteet	substantiivi
kaapeli-tv	substantiivi
kahdeksankulmio	substantiivi
kahdeksankymmentä	numeraali
kahdeksankymmentävuotias	adjektiivi
kahdeksankymmenvuotias	adjektiivi
kahdeksansataa	numeraali
kahdeksantoista	numeraali
kahdeksantoistasataa	numeraali
kahdeksantoistavuotias	adjektiivi
kahdeksantuhatta	numeraali
kahdeksanvuotias	adjektiivi
kahdeksastoista	numeraali
kahdeksisen	numeraali
kahdeksisenkymmentä	numeraali
kahdestoista	numeraali
kahvikestit	substantiivi
kahvikutsut	substantiivi
kaihi	substantiivi
kaihilasit	substantiivi
kaikkivoipa	adjektiivi
kaikusuhteet	substantiivi
kainalokarvat	substantiivi
kaks	numeraali
kaksikymmentä	numeraali
kaksikymmentävuotias	adjektiivi
kaksikymmenvuotias	adjektiivi
kaksisataa	numeraali
kaksiteholasit	substantiivi
kaksitoista	numeraali
kaksitoistavuotias	adjektiivi
kaksituhatta	numeraali
kaksivuotias	adjektiivi
kaksospojat	substantiivi
kaksossisarukset	substantiivi
kaksostytöt	substantiivi
kaksosveljekset	substantiivi
kalimaasälpä	substantiivi
kalkkisälpä	substantiivi
kallas	substantiivi
kalpaveljekset	substantiivi
kamferitipat	substantiivi
kangaspuut	substantiivi
kansalaispäivälliset	substantiivi
karhi	substantiivi
karjankellot	substantiivi
karku	substantiivi
karvaus	substantiivi
karvaus	substantiivi
kasvattivanhemmat	substantiivi
kasvatusvanhemmat	substantiivi
katurata-ajot	substantiivi
kaukolasit	substantiivi
kaukovalot	substantiivi
kaupantekiäiset	substantiivi
kauppatieteet	substantiivi
kehoitus	substantiivi
keliolosuhteet	substantiivi
keliolot	substantiivi
kellonperät	substantiivi
kellonvitjat	substantiivi
kerinpuut	substantiivi
kertoin	substantiivi
keskiaallot	substantiivi
keskiyö	substantiivi
kesäkisat	substantiivi
kesäyö	substantiivi
ketunraudat	substantiivi
kielilainsäädäntö	substantiivi
kieliolot	substantiivi
kierreportaat	substantiivi
kikherne	substantiivi
kipinämikko	substantiivi
kippariaallot	substantiivi
kirjomaasälpä	substantiivi
kirkkokahvit	substantiivi
kirkkopäivät	substantiivi
kirkollisvaalit	substantiivi
kirkonkymmenykset	substantiivi
kirkonmenot	substantiivi
kissanpäivät	substantiivi
kloottikannet	substantiivi
koala	substantiivi
kodinturvajoukot	substantiivi
koiras	substantiivi
kokonaiskustannukset	substantiivi
kokonaismenot	substantiivi
kokonaispisteet	substantiivi
kokonaisyksikkökustannukset	substantiivi
kokoonpanija	substantiivi
kokoperunat	substantiivi
kolehtivarat	substantiivi
kolmastoista	numeraali
3D-lasit	substantiivi
3D-mallinnos	substantiivi
3D-mallinnus	substantiivi
3D-teknologia	substantiivi
kolmekymmentä	numeraali
kolmekymmentävuotias	adjektiivi
kolmesataa	numeraali
kolmetoista	numeraali
kolmetoistavuotias	adjektiivi
kolmetuhatta	numeraali
kolmikymmenvuotias	adjektiivi
kolmisen	numeraali
kolmisenkymmentä	numeraali
kolmiteholasit	substantiivi
kolmivuotias	adjektiivi
kolmospojat	substantiivi
kolmossisarukset	substantiivi
kolmostytöt	substantiivi
kommandojoukot	substantiivi
kompleksimonot	substantiivi
kontaktilasit	substantiivi
korea	adjektiivi
korea	substantiivi
korjauskulut	substantiivi
korjauskustannukset	substantiivi
korkeussuhteet	substantiivi
korkomenot	substantiivi
korkovarat	substantiivi
korukannet	substantiivi
korvalappustereot	substantiivi
korvalaput	substantiivi
korvatipat	substantiivi
kosintamenot	substantiivi
kotikisat	substantiivi
kotikutsut	substantiivi
kotiolot	substantiivi
kottikärryt	substantiivi
koulutarvikkeet	substantiivi
kremnologi	substantiivi
kremnologia	substantiivi
kriisinhallintajoukot	substantiivi
kruununkalleudet	substantiivi
kukku	substantiivi
kuljetuskustannukset	substantiivi
kulttuurikilpailut	substantiivi
kulutusmenot	substantiivi
kungfu	substantiivi
kuninkuusravit	substantiivi
kunnallisvaalit	substantiivi
kunnossapitokulut	substantiivi
kunnossapitokustannukset	substantiivi
kuntavaalit	substantiivi
kuntoportaat	substantiivi
kuolinkellot	substantiivi
kuori	substantiivi
kuori	substantiivi
kuskus	substantiivi
kuteet	substantiivi
kuudestoista	numeraali
kuulema	substantiivi
kuusi	substantiivi
kuusi	numeraali
kuusikulmio	substantiivi
kuusikymmentä	numeraali
kuusikymmentävuotias	adjektiivi
kuusikymmenvuotias	adjektiivi
kuusisataa	numeraali
kuusitoista	numeraali
kuusitoistavuotias	adjektiivi
kuusituhatta	numeraali
kuusivuotias	adjektiivi
kuutisen	numeraali
kuutisenkymmentä	numeraali
kylmänvihat	substantiivi
kymi	substantiivi
kymmenentuhatta	numeraali
kymmenes	numeraali
kymmenes	substantiivi
kymmenisen	numeraali
kymmenisentuhatta	numeraali
kymmenvuotias	adjektiivi
kynnysvalot	substantiivi
kynäniekka	substantiivi
kyse	substantiivi
kysta	substantiivi
käsikynkkä	substantiivi
käsikärryt	substantiivi
käsiraudat	substantiivi
käspaikka	substantiivi
käteisvarat	substantiivi
käyttökustannukset	substantiivi
käyttövarat	substantiivi
kääntökulmio	substantiivi
köysiportaat	substantiivi
lahjavarat	substantiivi
lahjoitusvarat	substantiivi
lahti	substantiivi
lahti	substantiivi
lainahöyhenet	substantiivi
lainavarat	substantiivi
lainsäädäntö	substantiivi
laituriportaat	substantiivi
laki	substantiivi
laki	substantiivi
laskettelulasit	substantiivi
laskuportaat	substantiivi
laskuvarjojoukot	substantiivi
lastenkutsut	substantiivi
lastenvaunut	substantiivi
latotanssit	substantiivi
lemmenyö	substantiivi
lenkkivaatteet	substantiivi
lentojarrut	substantiivi
lentovalot	substantiivi
leukaperät	substantiivi
levytanssit	substantiivi
liikenneolot	substantiivi
liinavaatteet	substantiivi
liittopäivät	substantiivi
likavaatteet	substantiivi
linnanrauniot	substantiivi
linnoitusjoukot	substantiivi
lisäkulut	substantiivi
liukuportaat	substantiivi
loppusanat	substantiivi
loppuyö	substantiivi
lounaismurteet	substantiivi
LP-levy	substantiivi
L-teräs	substantiivi
luentomuistiinpanot	substantiivi
lukulasit	substantiivi
luomapuut	substantiivi
luonnonolot	substantiivi
luottotiedot	substantiivi
LVI-työt	substantiivi
lymfa	substantiivi
lyydiläismurteet	substantiivi
lyyra	substantiivi
lähestymisvalot	substantiivi
lähetyskulut	substantiivi
lähilasit	substantiivi
lähivalot	substantiivi
lähtökuopat	substantiivi
lähtöpassit	substantiivi
lähtövalmistelut	substantiivi
läksiäiskahvit	substantiivi
lämmityskulut	substantiivi
lämmityskustannukset	substantiivi
lämpövuori	substantiivi
lännensuhteet	substantiivi
länsisuhteet	substantiivi
länsivallat	substantiivi
lääkekulut	substantiivi
lääkekustannukset	substantiivi
lääkintäjoukot	substantiivi
maahanlaskujoukot	substantiivi
maajoukot	substantiivi
maakolloidit	substantiivi
maakuntajoukot	substantiivi
maakuntapäivät	substantiivi
maalaisolot	substantiivi
maalisvaalit	substantiivi
maapäivät	substantiivi
maapäivävaalit	substantiivi
maasälpä	substantiivi
maavoimat	substantiivi
maihinnousuportaat	substantiivi
malmivarat	substantiivi
markkinavoimat	substantiivi
materiaalitoiminnot	substantiivi
matkailutulot	substantiivi
me-henki	substantiivi
meikkilasit	substantiivi
menekkivaikeudet	substantiivi
menu	substantiivi
merenkulkusäännöt	substantiivi
merirosvous	substantiivi
merivoimat	substantiivi
messut	substantiivi
metsätulot	substantiivi
metsävarat	substantiivi
meze	substantiivi
miinuslasit	substantiivi
mikroaallot	substantiivi
miss	substantiivi
mitalli	substantiivi
mittasuhteet	substantiivi
monikulmio	substantiivi
moniteholasit	substantiivi
morseaakkoset	substantiivi
MS-tauti	substantiivi
muistosanat	substantiivi
muonavarat	substantiivi
mursunviikset	substantiivi
mustatorvisieni	substantiivi
mustaviinimarja	substantiivi
myrha	substantiivi
myrsky-yö	substantiivi
mysjuusto	substantiivi
myyntitulot	substantiivi
myöhäisuutiset	substantiivi
mäkisukset	substantiivi
naistentanssit	substantiivi
naivi	adjektiivi
nappulakisat	substantiivi
nelikulmio	substantiivi
nelikymmenvuotias	adjektiivi
nelisen	numeraali
nelisenkymmentä	numeraali
nelitoistavuotias	adjektiivi
nelivuotias	adjektiivi
neljäkymmentä	numeraali
neljäkymmentävuotias	adjektiivi
neljäsataa	numeraali
neljästoista	numeraali
neljätoista	numeraali
neljätoistavuotias	adjektiivi
neljätuhatta	numeraali
neljävuotias	adjektiivi
nenätipat	substantiivi
nettivaalit	substantiivi
neuvottelupäivät	substantiivi
nimikirjaimet	substantiivi
nimipäiväkahvit	substantiivi
niskavillat	substantiivi
nojapuut	substantiivi
nokkakärryt	substantiivi
nokkaunet	substantiivi
no-näytelmä	substantiivi
no-teatteri	substantiivi
nuhatipat	substantiivi
nukenvaunut	substantiivi
nuori-isäntä	substantiivi
nuorisotilat	substantiivi
nykyolot	substantiivi
nykyvuodet	substantiivi
nyyttikestit	substantiivi
näyttöpäätelasit	substantiivi
O-aukko	substantiivi
ohiheitto	substantiivi
ohikulkija	substantiivi
ohikulku	substantiivi
ohilaukaus	substantiivi
ohilyönti	substantiivi
ohimarssi	substantiivi
ohimohiukset	substantiivi
ohivalinta	substantiivi
ohivuoto	substantiivi
ohjasperät	substantiivi
oikeistovoimat	substantiivi
oikeudenkäyntikulut	substantiivi
olas	substantiivi
olosuhteet	substantiivi
olympiakisat	substantiivi
olympiarenkaat	substantiivi
ompelutarvikkeet	substantiivi
oopperafestivaalit	substantiivi
oopperajuhlat	substantiivi
open house ‑kutsut	substantiivi
oppirahat	substantiivi
op-taide	substantiivi
ori	substantiivi
ovimikko	substantiivi
paikallisjoukot	substantiivi
pakkasyö	substantiivi
pakkauskulut	substantiivi
pakkauskustannukset	substantiivi
palkkakulut	substantiivi
palkkakustannukset	substantiivi
palkkamenot	substantiivi
pallas	substantiivi
palo-osastointi	substantiivi
paloportaat	substantiivi
palvi	substantiivi
palvi	substantiivi
palvontamenot	substantiivi
paneli	substantiivi
panhuilu	substantiivi
panssarijoukot	substantiivi
paria	substantiivi
parihevoset	substantiivi
pariisinperunat	substantiivi
parikymmentä	numeraali
parisataa	numeraali
parisen	numeraali
parisenkymmentä	numeraali
parisensataa	numeraali
parituhatta	numeraali
parivuotias	adjektiivi
parlamenttivaalit	substantiivi
parrasvalot	substantiivi
partaniekka	substantiivi
peitsi	substantiivi
peitsi	substantiivi
perhekustannukset	substantiivi
perhesiteet	substantiivi
perhesuhteet	substantiivi
perimiskulut	substantiivi
perimiskustannukset	substantiivi
perintäkulut	substantiivi
perintäkustannukset	substantiivi
perintöhopeat	substantiivi
perushankinnat	substantiivi
perustiedot	substantiivi
PET	substantiivi
petivaatteet	substantiivi
pH-asteikko	substantiivi
piilolasit	substantiivi
piipunperät	substantiivi
piirinmestaruuskilpailut	substantiivi
piiritysjoukot	substantiivi
piirustustarvikkeet	substantiivi
pikkukengät	substantiivi
pikkuserkukset	substantiivi
pikkutunnit	substantiivi
pintaliitäjä	substantiivi
pioneerijoukot	substantiivi
pitkospuut	substantiivi
pitkäthousut	substantiivi
pitopohjasukset	substantiivi
pitovaatteet	substantiivi
PK-yrittäjä	substantiivi
PK-yritys	substantiivi
pluslasit	substantiivi
pohjatiedot	substantiivi
pohjoismaat	substantiivi
poikkeusolot	substantiivi
polaariyö	substantiivi
polkupyöräjoukot	substantiivi
portaat	substantiivi
poskisavut	substantiivi
postikulut	substantiivi
PR-kampanja	substantiivi
PR-osasto	substantiivi
protestivaalit	substantiivi
PR-toimisto	substantiivi
puhdistusmenot	substantiivi
puhelinuutiset	substantiivi
puhevälit	substantiivi
pukimet	substantiivi
pullonpohjalasit	substantiivi
puola	substantiivi
puola	substantiivi
puola	substantiivi
puolenkymmentä	numeraali
puolensataa	numeraali
puolentuhatta	numeraali
puolikymmentä	numeraali
puolisataa	numeraali
puolisen	numeraali
puolisenkymmentä	numeraali
puolisensataa	numeraali
puolisentoista	numeraali
puolisentoistasataa	numeraali
puolisisarukset	substantiivi
puolitoista	numeraali
puolitoistakymmentä	numeraali
puolitoistasataa	numeraali
puolitoistavuotias	adjektiivi
puolituhatta	numeraali
puolivuotias	adjektiivi
puoliyö	substantiivi
puolustusmenot	substantiivi
puolustusvoimat	substantiivi
pure	substantiivi
push-up-liivit	substantiivi
putkikellot	substantiivi
pyhävaatteet	substantiivi
päivätanssit	substantiivi
päivätorkut	substantiivi
pääsiäisyö	substantiivi
pääsylipputulot	substantiivi
päätelasit	substantiivi
päätössanat	substantiivi
pöytähopeat	substantiivi
raaka-ainevarat	substantiivi
radioaallot	substantiivi
radiouutiset	substantiivi
rahavarat	substantiivi
rahtikulut	substantiivi
raiheinä	substantiivi
rairuoho	substantiivi
rajajoukot	substantiivi
rakennuskustannukset	substantiivi
rakkausasiat	substantiivi
ramppivalot	substantiivi
ranskanperunat	substantiivi
rapiat	substantiivi
rapujuhlat	substantiivi
rapukestit	substantiivi
rauhanneuvottelut	substantiivi
rauhanturvajoukot	substantiivi
rautasälpä	substantiivi
ravikilpailut	substantiivi
ravinnevarat	substantiivi
ravit	substantiivi
renesanssi	substantiivi
retkijalkineet	substantiivi
retkisukset	substantiivi
retkivarusteet	substantiivi
reunavuoret	substantiivi
revontulet	substantiivi
riippuliitäjä	substantiivi
rintakarvat	substantiivi
rintaliivit	substantiivi
rippisanat	substantiivi
ripsi	substantiivi
ripsi	substantiivi
rohtimet	substantiivi
rosvous	substantiivi
roti	substantiivi
routavuodet	substantiivi
rullaportaat	substantiivi
ruokakulut	substantiivi
ruokamenot	substantiivi
ruokatarpeet	substantiivi
ruokavarat	substantiivi
ruuhkavuodet	substantiivi
ruumisvaatteet	substantiivi
ruumisvaunut	substantiivi
ryntäät	substantiivi
ryppyperunat	substantiivi
rytmikapulat	substantiivi
rättimikko	substantiivi
röstiperunat	substantiivi
saatesanat	substantiivi
saattovalot	substantiivi
sairauskulut	substantiivi
sairauskustannukset	substantiivi
saksiniekka	substantiivi
salaismenot	substantiivi
salama	substantiivi
salamenot	substantiivi
salon	substantiivi
samettifarmarit	substantiivi
sammas	substantiivi
sananiekka	substantiivi
sanavarat	substantiivi
saniteettikalusteet	substantiivi
sankalasit	substantiivi
sanomakellot	substantiivi
satatuhatta	numeraali
satavuotias	adjektiivi
saunapuut	substantiivi
savakkomurteet	substantiivi
scientologia	substantiivi
sees	adjektiivi
seesam	substantiivi
seetri	substantiivi
seipi	substantiivi
seitsemisen	numeraali
seitsemisenkymmentä	numeraali
seitsemänkymmentä	numeraali
seitsemänkymmentävuotias	adjektiivi
seitsemänsataa	numeraali
seitsemäntoista	numeraali
seitsemäntoistavuotias	adjektiivi
seitsemäntuhatta	numeraali
seitsemänvuotias	adjektiivi
seitsemästoista	numeraali
seitsenkymmenvuotias	adjektiivi
seitsenpistepirkko	substantiivi
seitsentoistavuotias	adjektiivi
seitsenvuotias	adjektiivi
sekahakutanssit	substantiivi
sekahedelmät	substantiivi
sekavihannekset	substantiivi
seksiasiat	substantiivi
senttimetriaallot	substantiivi
serkukset	substantiivi
seurakuntavaalit	substantiivi
sielukellot	substantiivi
sielunkellot	substantiivi
siirtomaajoukot	substantiivi
siirtomenot	substantiivi
siitake	substantiivi
siivous	substantiivi
SI-järjestelmä	substantiivi
silakkarullat	substantiivi
silkkivuori	substantiivi
silmälasinkehykset	substantiivi
silmälasit	substantiivi
silmätipat	substantiivi
sini	substantiivi
sini	substantiivi
sinunkaupat	substantiivi
sioux	substantiivi
sisarukset	substantiivi
sissijoukot	substantiivi
sisuskalut	substantiivi
sisäasiat	substantiivi
sisäkalut	substantiivi
sisätaudit	substantiivi
sisävaatteet	substantiivi
SI-yksikkö	substantiivi
smoothie	substantiivi
soidinmenot	substantiivi
soittoniekka	substantiivi
sokeainaakkoset	substantiivi
soopa	substantiivi
sopimusehdot	substantiivi
soppi	substantiivi
soppi	substantiivi
sopusuhta	substantiivi
sortovuodet	substantiivi
sosiaalimenot	substantiivi
sosiaalitieteet	substantiivi
sotavalmistelut	substantiivi
sotavaunut	substantiivi
sotavoimat	substantiivi
sotilasmenot	substantiivi
sprintterikisat	substantiivi
stereokuulokkeet	substantiivi
sukupuoliasiat	substantiivi
suojajoukot	substantiivi
suopursu	substantiivi
surku	substantiivi
suviyö	substantiivi
sydänjuuret	substantiivi
sydänyö	substantiivi
syli	substantiivi
synnytinelimet	substantiivi
syntymäpäiväkahvit	substantiivi
syntymäpäiväkutsut	substantiivi
syntysanat	substantiivi
syys	substantiivi
sähkeuutiset	substantiivi
sänkyvaatteet	substantiivi
särkynytsydän	substantiivi
sääolosuhteet	substantiivi
sääolot	substantiivi
säärikarvat	substantiivi
säätiedot	substantiivi
säätyvaltiopäivät	substantiivi
taikamenot	substantiivi
taistelujoukot	substantiivi
talkootanssit	substantiivi
talousmenot	substantiivi
T-alue	substantiivi
talvifarmarit	substantiivi
talvikisat	substantiivi
talviyö	substantiivi
tanhua	substantiivi
tapaama	substantiivi
tarvis	substantiivi
tasannevuodet	substantiivi
tasapisteet	substantiivi
tasasuhta	substantiivi
tekoripset	substantiivi
televisiouutiset	substantiivi
tenä	substantiivi
tervehdyssanat	substantiivi
TES	substantiivi
TE-toimisto	substantiivi
tietämä	substantiivi
tiitteri	substantiivi
tikapuut	substantiivi
tikarappuset	substantiivi
tikaraput	substantiivi
tikkivuori	substantiivi
toimeenpanija	substantiivi
toimituskulut	substantiivi
toissa	adjektiivi
toistakymmentä	numeraali
toistakymmentätuhatta	numeraali
toistasataa	numeraali
toistatuhatta	numeraali
tosiolot	substantiivi
tosi-tv	substantiivi
totalisaattoriravit	substantiivi
totoravit	substantiivi
toukotyöt	substantiivi
T-paita	substantiivi
T-palkki	substantiivi
T-risteys	substantiivi
tuhantisen	numeraali
tukihiukset	substantiivi
tukkilaiskisat	substantiivi
tuomarinohjeet	substantiivi
tuomas	substantiivi
tuomionvoipa	adjektiivi
tupaantuliaiset	substantiivi
turvevarat	substantiivi
tutka-aallot	substantiivi
tutu	substantiivi
tuuliolot	substantiivi
tv-antenni	substantiivi
tv-asema	substantiivi
tv-esiintyjä	substantiivi
tv-filmi	substantiivi
tv-kamera	substantiivi
tv-kanava	substantiivi
tv-kasvo	substantiivi
tv-lähetys	substantiivi
tv-mainonta	substantiivi
tv-mainos	substantiivi
tv-ohjelma	substantiivi
tv-ottelu	substantiivi
tv-sarja	substantiivi
tv-sovitin	substantiivi
tv-studio	substantiivi
tv-tähti	substantiivi
tv-uutiset	substantiivi
tv-yhtiö	substantiivi
tykötarpeet	substantiivi
tylla	substantiivi
tynkäkisat	substantiivi
työntökärryt	substantiivi
työolosuhteet	substantiivi
työolot	substantiivi
täyssisarukset	substantiivi
uhrimenot	substantiivi
uimalasit	substantiivi
U-keittiö	substantiivi
uksi	substantiivi
U-käännös	substantiivi
ula-aallot	substantiivi
U-laakso	substantiivi
ulko	substantiivi
ulkoasiat	substantiivi
ulkoiluvarusteet	substantiivi
ulkomaansuhteet	substantiivi
ulkosuhteet	substantiivi
U-lukko	substantiivi
U-palkki	substantiivi
upouusi	adjektiivi
urheilujoukot	substantiivi
urheilukisat	substantiivi
urheiluliivit	substantiivi
uros	substantiivi
uroteko	substantiivi
urotyö	substantiivi
uudenvuodenyö	substantiivi
uusaste	substantiivi
uusfasisti	substantiivi
uushankinta	substantiivi
uushopea	substantiivi
uusinvestointi	substantiivi
uusjako	substantiivi
uuskäyttö	substantiivi
uusköyhälistö	substantiivi
uusmerkintä	substantiivi
uusmyynti	substantiivi
uusnatsi	substantiivi
uusrenessanssi	substantiivi
uussinkku	substantiivi
uusvanha	adjektiivi
uusvienti	substantiivi
uutimet	substantiivi
UV-indeksi	substantiivi
UV-säteily	substantiivi
vaakitus	substantiivi
vaihdevuodet	substantiivi
vaka	adjektiivi
vakaus	substantiivi
vakaus	substantiivi
valkosipuliperunat	substantiivi
valmistuskulut	substantiivi
valmistuskustannukset	substantiivi
valoaallot	substantiivi
valtiopäivät	substantiivi
vanginvaatteet	substantiivi
vanhojentanssit	substantiivi
vanhuudenpäivät	substantiivi
vappuyö	substantiivi
varastointikustannukset	substantiivi
varhaisuutiset	substantiivi
vasemmistovoimat	substantiivi
vastaanottojuhlallisuudet	substantiivi
vastarintajoukot	substantiivi
V-aukko	substantiivi
vauvakutsut	substantiivi
vauvanvaunut	substantiivi
WC-allas	substantiivi
WC-istuin	substantiivi
WC-paperi	substantiivi
veikkausvarat	substantiivi
veikkausvoittovarat	substantiivi
veljekset	substantiivi
velkamenot	substantiivi
vellihousu	substantiivi
venät	substantiivi
verkkovaalit	substantiivi
verovarat	substantiivi
verta	substantiivi
vesivarat	substantiivi
vesivoimavarat	substantiivi
vetimet	substantiivi
whoopie	substantiivi
vieraskutsut	substantiivi
viestijoukot	substantiivi
vihanta	adjektiivi
vihollisvoimat	substantiivi
viidestoista	numeraali
viiksiniekka	substantiivi
viime	adjektiivi
viimeisin	adjektiivi
viini	substantiivi
viini	substantiivi
viisikulmio	substantiivi
viisikymmentä	numeraali
viisikymmentävuotias	adjektiivi
viisikymmenvuotias	adjektiivi
viisisataa	numeraali
viisitoista	numeraali
viisitoistavuotias	adjektiivi
viisituhatta	numeraali
viisivuotias	adjektiivi
viitisen	numeraali
viitisenkymmentä	numeraali
viitisentoista	numeraali
virsiseurat	substantiivi
viuluniekka	substantiivi
V-laakso	substantiivi
voimavarat	substantiivi
voittovarat	substantiivi
V-tyyli	substantiivi
vuokratulot	substantiivi
vuori	substantiivi
vuori	substantiivi
vyyhti	substantiivi
välivuori	substantiivi
vänskä	substantiivi
x-akseli	substantiivi
X-kromosomi	substantiivi
y-akseli	substantiivi
yhdeksisen	numeraali
yhdeksisenkymmentä	numeraali
yhdeksänkymmentä	numeraali
yhdeksänkymmentävuotias	adjektiivi
yhdeksänkymmenvuotias	adjektiivi
yhdeksänsataa	numeraali
yhdeksäntoista	numeraali
yhdeksäntoistasataa	numeraali
yhdeksäntoistavuotias	adjektiivi
yhdeksäntuhatta	numeraali
yhdeksänvuotias	adjektiivi
yhdeksästoista	numeraali
yhdestoista	numeraali
yhdistelmävaunut	substantiivi
yh-isä	substantiivi
yhteispisteet	substantiivi
yhteystiedot	substantiivi
yh-äiti	substantiivi
Y-kromosomi	substantiivi
yks	numeraali
yksiteholasit	substantiivi
yksitoista	numeraali
yksitoistavuotias	adjektiivi
yksityisolot	substantiivi
yksivuotias	adjektiivi
yleisö-WC	substantiivi
yliajaja	substantiivi
yliajo	substantiivi
yliannos	substantiivi
yliannostus	substantiivi
yliarkkitehti	substantiivi
yliarviointi	substantiivi
yliarvostus	substantiivi
ylibuukkaus	substantiivi
yliedustus	substantiivi
yliherkkä	adjektiivi
ylihinta	substantiivi
ylihoitaja	substantiivi
ylihuomen	substantiivi
Y-liittymä	substantiivi
ylijohtaja	substantiivi
ylijohto	substantiivi
ylijuoksu	substantiivi
ylijännite	substantiivi
ylijäämä	substantiivi
ylikalastus	substantiivi
ylikersantti	substantiivi
ylikierros	substantiivi
ylikompensaatio	substantiivi
ylikoulutus	substantiivi
ylikulku	substantiivi
ylikunto	substantiivi
ylikuorma	substantiivi
ylikuormitus	substantiivi
ylikypsä	adjektiivi
ylikäytävä	substantiivi
ylileveä	adjektiivi
yliluutnantti	substantiivi
ylilyönti	substantiivi
ylilääkäri	substantiivi
ylimerkintä	substantiivi
ylimäärä	substantiivi
ylinopeus	substantiivi
ylioikeus	substantiivi
ylioppilas	substantiivi
ylioppilaskirjoitukset	substantiivi
yliote	substantiivi
ylipalvelus	substantiivi
ylipapitar	substantiivi
ylipitkä	adjektiivi
ylipurenta	substantiivi
ylipäällikkö	substantiivi
ylipääsemätön	adjektiivi
ylipääsy	substantiivi
ylirasitus	substantiivi
ylireagointi	substantiivi
ylisana	substantiivi
yliset	substantiivi
ylisuuri	adjektiivi
ylitarjonta	substantiivi
ylitarkastaja	substantiivi
ylitunti	substantiivi
ylityö	substantiivi
ylivaihde	substantiivi
ylivakuutus	substantiivi
ylivalta	substantiivi
ylivaraus	substantiivi
yliviivaus	substantiivi
ylivoima	substantiivi
ylivuoto	substantiivi
yliälykäs	adjektiivi
ylläpitokustannukset	substantiivi
yläaste	substantiivi
ylähammas	substantiivi
ylähanka	substantiivi
yläharvennus	substantiivi
yläheimo	substantiivi
ylähuone	substantiivi
ylähuuli	substantiivi
yläilma	substantiivi
yläindeksi	substantiivi
yläjuoksu	substantiivi
yläkansi	substantiivi
yläkerros	substantiivi
yläkerta	substantiivi
yläkierre	substantiivi
yläkoukku	substantiivi
yläkoulu	substantiivi
yläkuu	substantiivi
ylälanka	substantiivi
yläleuka	substantiivi
yläluomi	substantiivi
ylämaa	substantiivi
ylämäki	substantiivi
ylänurkka	substantiivi
yläoksa	substantiivi
yläosa	substantiivi
yläpeti	substantiivi
yläpilvi	substantiivi
yläpinta	substantiivi
yläpuoli	substantiivi
yläpää	substantiivi
yläraaja	substantiivi
yläreuna	substantiivi
ylärivi	substantiivi
yläruumis	substantiivi
yläsänky	substantiivi
yläsävel	substantiivi
ylätuuli	substantiivi
ylätyyli	substantiivi
ylävatsa	substantiivi
ylävirta	substantiivi
Y-tunnus	substantiivi
zombie	substantiivi
äitiysliivit	substantiivi
äkäpussi	substantiivi
ät-merkki	substantiivi
äyrämöismurteet	substantiivi
äänivarat	substantiivi
ääriolot	substantiivi
öljyvarat	substantiivi
ö-mappi	substantiivi
